id_asistencia_legacy,id_miembro_legacy,id_evento_legacy,confirmacion,asistio,fecha_confirmacion,fecha_actualizacion
ASISTENCIA_36a080a3-1b81-48e7-88ee-123c9ea9f6ff,MIEMBRO_fdcc9309-b108-4b28-9ff5-8d7506d270fe,EVENTO_8005b2b5-d2a8-4ce4-9914-233421937cb3,ASISTIRA,SI,24/08/2026 0:34:23,26/08/2026 19:33:25
ASISTENCIA_7a6c91f4-00ed-41a9-9273-71aee9b14e71,MIEMBRO_7cbbc1ef-2ec5-4bcd-8415-0fffb0dae397,EVENTO_8005b2b5-d2a8-4ce4-9914-233421937cb3,ASISTIRA,SI,24/08/2026 0:40:01,26/08/2026 19:33:11
ASISTENCIA_dafd2bb0-e7dd-4fdd-9321-45ff154a5385,MIEMBRO_3a2d59fa-ec90-4b20-b4da-e8e58e71c917,EVENTO_8005b2b5-d2a8-4ce4-9914-233421937cb3,ASISTIRA,SI,24/08/2026 7:06:29,26/08/2026 19:33:53
ASISTENCIA_fb8957ea-5798-4ec3-8741-f1cfe981fed1,MIEMBRO_e3e47272-f06a-4102-a727-ff1923355e77,EVENTO_8005b2b5-d2a8-4ce4-9914-233421937cb3,NO_ASISTIRA,SI,24/08/2026 7:09:24,26/08/2026 19:34:08
ASISTENCIA_332e67fe-783f-4923-b941-ada008a58cc3,MIEMBRO_eff02eea-0c03-4924-a6e5-dd0d04964881,EVENTO_8005b2b5-d2a8-4ce4-9914-233421937cb3,ASISTIRA,SI,24/08/2026 7:22:34,26/08/2026 19:34:44
ASISTENCIA_c851b4c5-e6ae-4bc6-9426-27630cfa6a86,MIEMBRO_5816c346-596f-4467-9030-5b383460636c,EVENTO_8005b2b5-d2a8-4ce4-9914-233421937cb3,ASISTIRA,NO,24/08/2026 8:01:35,26/08/2026 19:36:12
ASISTENCIA_85eb9d5c-f75b-45d0-95b8-d27b4657e604,MIEMBRO_e534528d-024f-4b1f-a667-274bbd84696b,EVENTO_8005b2b5-d2a8-4ce4-9914-233421937cb3,ASISTIRA,SI,24/08/2026 8:40:51,26/08/2026 19:36:33
ASISTENCIA_3a3d6fd8-0d23-4b38-940a-011776cc6db1,MIEMBRO_69a57cf8-5e73-430a-9f58-0bd2a74d567c,EVENTO_8005b2b5-d2a8-4ce4-9914-233421937cb3,ASISTIRA,NO,24/08/2026 9:06:56,27/08/2026 8:00:32
ASISTENCIA_b2d18feb-deee-453a-b513-dd4fcbfe1d60,MIEMBRO_3684b8d4-2369-4b6e-a543-6ac4d4e336e7,EVENTO_8005b2b5-d2a8-4ce4-9914-233421937cb3,ASISTIRA,SI,24/08/2026 9:46:48,26/08/2026 19:45:35
ASISTENCIA_e816b8c8-aa83-4a71-9b97-9bfa2c4da5e1,MIEMBRO_04738975-35fa-4392-ac06-29da5fc25572,EVENTO_8005b2b5-d2a8-4ce4-9914-233421937cb3,ASISTIRA,SI,24/08/2026 11:38:35,26/08/2026 20:04:50
ASISTENCIA_1e6f419c-7459-4002-81ae-7051cf65f130,MIEMBRO_b3006664-3bd5-415c-922a-20520ea804d6,EVENTO_8005b2b5-d2a8-4ce4-9914-233421937cb3,ASISTIRA,SI,24/08/2026 14:57:50,26/08/2026 19:33:02
ASISTENCIA_a020a705-7d78-471f-a95c-2ffe99ddb617,MIEMBRO_94acb13d-b147-4637-896b-dceefadb3582,EVENTO_8005b2b5-d2a8-4ce4-9914-233421937cb3,ASISTIRA,NO,24/08/2026 18:55:55,27/08/2026 8:00:33
ASISTENCIA_fb8d7283-f654-4b6a-9a03-1c6ace73c63b,MIEMBRO_e63a7eac-11c3-4d24-b687-ee51cdcb247e,EVENTO_8005b2b5-d2a8-4ce4-9914-233421937cb3,ASISTIRA,SI,24/08/2026 20:38:13,26/08/2026 19:36:29
ASISTENCIA_bc683ff4-6180-498a-89c2-7fed009b402e,MIEMBRO_a674c905-d262-414c-973e-73e5e4f5ee8a,EVENTO_8005b2b5-d2a8-4ce4-9914-233421937cb3,ASISTIRA,NO,24/08/2026 21:10:37,27/08/2026 8:00:36
ASISTENCIA_7df82a1d-da1b-4346-9a05-cdd1ac4ae782,MIEMBRO_449e7bd0-6807-4c7a-80e8-d7a46391bf4a,EVENTO_8005b2b5-d2a8-4ce4-9914-233421937cb3,ASISTIRA,NO,25/08/2026 13:15:44,27/08/2026 8:00:30
ASISTENCIA_b26af324-b26b-4ccf-97dc-7b33d21c6a11,MIEMBRO_a264f421-5480-44d7-bf4d-7f31ae44a9fa,EVENTO_8005b2b5-d2a8-4ce4-9914-233421937cb3,ASISTIRA,SI,26/08/2026 13:00:52,26/08/2026 20:00:36
ASISTENCIA_64de7f29-937c-4c44-9957-d215002e59d7,MIEMBRO_c8c4196f-5b28-4ebe-8bf9-5e2fddc434e0,EVENTO_8005b2b5-d2a8-4ce4-9914-233421937cb3,ASISTIRA,SI,26/08/2026 19:28:26,26/08/2026 19:33:08
ASISTENCIA_8f248735-6457-440d-867c-ff0f2820901e,MIEMBRO_0821f7cb-2557-4d36-9cf4-6451a35f8c71,EVENTO_8005b2b5-d2a8-4ce4-9914-233421937cb3,ASISTIRA,SI,26/08/2026 19:28:30,26/08/2026 19:37:06
ASISTENCIA_989b44f8-dccc-4e09-8b5e-c11a3fee4d8f,MIEMBRO_57fed07b-aeed-4b11-a8ac-72569ac9dc27,EVENTO_8005b2b5-d2a8-4ce4-9914-233421937cb3,ASISTIRA,SI,26/08/2026 19:32:10,26/08/2026 19:33:42
ASISTENCIA_e0e03845-cfbe-4f83-9b2c-55f81e5b7d70,MIEMBRO_60ddb662-68c4-4fa5-8397-62240b37147c,EVENTO_8005b2b5-d2a8-4ce4-9914-233421937cb3,ASISTIRA,SI,26/08/2026 19:42:10,26/08/2026 19:42:48
ASISTENCIA_c01b8952-ee2e-4dc6-9aba-20a678167e4f,MIEMBRO_e10e09e2-da7e-421c-9b97-e94e2e13c89a,EVENTO_8005b2b5-d2a8-4ce4-9914-233421937cb3,ASISTIRA,SI,26/08/2026 19:44:14,26/08/2026 19:44:45
ASISTENCIA_ae729c99-4c21-48fe-802c-7fd402b64b31,MIEMBRO_d17376df-283f-49f0-8f29-bd7c79edcb7e,EVENTO_8005b2b5-d2a8-4ce4-9914-233421937cb3,ASISTIRA,SI,26/08/2026 19:55:49,27/08/2026 8:00:35
ASISTENCIA_b710b0e5-a3f0-4067-9505-19b2b267d55e,MIEMBRO_e1e47192-3eeb-4525-91f3-57d25014f3cf,EVENTO_8005b2b5-d2a8-4ce4-9914-233421937cb3,ASISTIRA,SI,26/08/2026 22:31:27,27/08/2026 8:00:05
ASISTENCIA_a1f7b2c7-e221-49b0-91e8-8ae030ca2600,MIEMBRO_e1e47192-3eeb-4525-91f3-57d25014f3cf,EVENTO_7bd1d115-c00c-468f-b7a5-16ed3136931d,ASISTIRA,,27/08/2026 18:34:33,27/08/2026 18:34:33
ASISTENCIA_82e65f52-9355-4023-8a5e-528898a38b11,MIEMBRO_fdcc9309-b108-4b28-9ff5-8d7506d270fe,EVENTO_7bd1d115-c00c-468f-b7a5-16ed3136931d,NO_ASISTIRA,NO,29/08/2026 12:26:00,2/09/2026 20:09:46
ASISTENCIA_76f2cf3e-008a-4baa-9186-d6777312808d,MIEMBRO_6f8616ed-d167-4571-9a98-a2551b8037ed,EVENTO_7bd1d115-c00c-468f-b7a5-16ed3136931d,ASISTIRA,,31/08/2026 9:15:19,31/08/2026 9:15:19
ASISTENCIA_cefcf86b-da32-41d3-9bbd-47635277d544,MIEMBRO_5816c346-596f-4467-9030-5b383460636c,EVENTO_7bd1d115-c00c-468f-b7a5-16ed3136931d,ASISTIRA,,31/08/2026 9:16:44,31/08/2026 9:16:44
ASISTENCIA_b2279554-71b5-4c59-91f5-dfaba4fb982e,MIEMBRO_7cbbc1ef-2ec5-4bcd-8415-0fffb0dae397,EVENTO_7bd1d115-c00c-468f-b7a5-16ed3136931d,ASISTIRA,,31/08/2026 9:22:10,31/08/2026 9:22:10
ASISTENCIA_29ec0fe2-b2aa-436f-832b-759ad325ad28,MIEMBRO_a264f421-5480-44d7-bf4d-7f31ae44a9fa,EVENTO_7bd1d115-c00c-468f-b7a5-16ed3136931d,ASISTIRA,,31/08/2026 9:38:07,31/08/2026 9:38:07
ASISTENCIA_bbce6c70-981b-4be3-816a-15705479d1f1,MIEMBRO_3684b8d4-2369-4b6e-a543-6ac4d4e336e7,EVENTO_7bd1d115-c00c-468f-b7a5-16ed3136931d,ASISTIRA,,31/08/2026 10:13:13,31/08/2026 10:13:13
ASISTENCIA_6bf9df8a-e6a8-4a19-9e09-9f2646ce50e1,MIEMBRO_69a57cf8-5e73-430a-9f58-0bd2a74d567c,EVENTO_7bd1d115-c00c-468f-b7a5-16ed3136931d,ASISTIRA,,31/08/2026 10:15:30,31/08/2026 10:15:30
ASISTENCIA_d7bef57a-cd8a-4b0e-b84f-489cee1a4fbd,MIEMBRO_04738975-35fa-4392-ac06-29da5fc25572,EVENTO_7bd1d115-c00c-468f-b7a5-16ed3136931d,ASISTIRA,,31/08/2026 10:18:08,2/09/2026 15:09:02
ASISTENCIA_b4c6b096-11dc-439a-b900-ab8685cd531a,MIEMBRO_1ae2d20c-7a80-400a-9869-2e438e3135f1,EVENTO_7bd1d115-c00c-468f-b7a5-16ed3136931d,NO_ASISTIRA,,31/08/2026 10:27:06,31/08/2026 10:27:06
ASISTENCIA_01c30c81-ef6e-46e9-aa5f-1779c0f84a48,MIEMBRO_dfd85bb5-dca3-452c-85f2-83a01d589316,EVENTO_7bd1d115-c00c-468f-b7a5-16ed3136931d,ASISTIRA,,31/08/2026 12:10:09,31/08/2026 12:10:09
ASISTENCIA_6506255f-fa8e-4f85-8a8a-4759fd8f069e,MIEMBRO_3a2d59fa-ec90-4b20-b4da-e8e58e71c917,EVENTO_7bd1d115-c00c-468f-b7a5-16ed3136931d,ASISTIRA,,1/09/2026 7:42:59,1/09/2026 7:42:59
ASISTENCIA_6332a23a-27be-42e4-9e21-28dc248cd742,MIEMBRO_e3e47272-f06a-4102-a727-ff1923355e77,EVENTO_7bd1d115-c00c-468f-b7a5-16ed3136931d,ASISTIRA,,1/09/2026 7:43:29,1/09/2026 7:43:29
ASISTENCIA_9cb880b0-dfdd-45ca-884f-f6f9de532d0e,MIEMBRO_c8c4196f-5b28-4ebe-8bf9-5e2fddc434e0,EVENTO_7bd1d115-c00c-468f-b7a5-16ed3136931d,ASISTIRA,,2/09/2026 7:52:18,2/09/2026 7:52:18
ASISTENCIA_6bd1e2a9-05cc-4c59-927d-d88651a84b79,MIEMBRO_e534528d-024f-4b1f-a667-274bbd84696b,EVENTO_7bd1d115-c00c-468f-b7a5-16ed3136931d,ASISTIRA,,2/09/2026 8:10:05,2/09/2026 8:10:05
ASISTENCIA_cce2e70e-0981-4d62-a8fd-d8060a2f494a,MIEMBRO_60ddb662-68c4-4fa5-8397-62240b37147c,EVENTO_7bd1d115-c00c-468f-b7a5-16ed3136931d,ASISTIRA,,2/09/2026 8:45:13,2/09/2026 8:45:13
ASISTENCIA_df8e20bd-81d6-410e-9b27-7ff690dc2635,MIEMBRO_a674c905-d262-414c-973e-73e5e4f5ee8a,EVENTO_7bd1d115-c00c-468f-b7a5-16ed3136931d,ASISTIRA,,2/09/2026 10:34:30,2/09/2026 10:34:30
ASISTENCIA_d31140ad-50fb-415a-8400-b4a4945cfbb4,MIEMBRO_eff02eea-0c03-4924-a6e5-dd0d04964881,EVENTO_7bd1d115-c00c-468f-b7a5-16ed3136931d,ASISTIRA,,2/09/2026 18:30:29,2/09/2026 18:30:29
